sample_ID,fold
0,3
1,2
2,1
3,0
4,4
5,3
6,2
7,1
8,1
9,0
10,4
11,3
12,2
13,1
14,0
15,4
16,4
17,3
18,2
19,1
20,0
21,4
22,3
23,2
24,2
25,1
26,0
27,4
28,3
29,2
30,1
31,0
32,2
33,1
34,0
35,4
36,3
37,2
38,1
39,0
40,0
41,4
42,3
43,2
44,1
45,0
46,4
47,3
48,3
49,2
50,1
51,0
52,4
53,3
54,2
55,1
56,1
57,0
58,4
59,3
60,2
61,1
62,0
63,4
64,1
65,0
66,4
67,3
68,2
69,1
70,0
71,4
72,4
73,3
74,2
75,1
76,0
77,4
78,3
79,2
80,2
81,1
82,0
83,4
84,3
85,2
86,1
87,0
88,0
89,4
90,3
91,2
92,1
93,0
94,4
95,3
96,4
97,3
98,2
99,1
100,0
101,4
102,3
103,2
104,2
105,1
106,0
107,4
108,3
109,2
110,1
111,0
112,0
113,4
114,3
115,2
116,1
117,0
118,4
119,3
120,3
121,2
122,1
123,0
124,4
125,3
126,2
127,1
128,2
129,1
130,0
131,4
132,3
133,2
134,1
135,0
136,0
137,4
138,3
139,2
140,1
141,0
142,4
143,3
144,3
145,2
146,1
147,0
148,4
149,3
150,2
151,1
152,1
153,0
154,4
155,3
156,2
157,1
158,0
159,4
160,0
161,4
162,3
163,2
164,1
165,0
166,4
167,3
168,3
169,2
170,1
171,0
172,4
173,3
174,2
175,1
176,1
177,0
178,4
179,3
180,2
181,1
182,0
183,4
184,4
185,3
186,2
187,1
188,0
189,4
190,3
191,2
192,3
193,2
194,1
195,0
196,4
197,3
198,2
199,1
200,1
201,0
202,4
203,3
204,2
205,1
206,0
207,4
208,4
209,3
210,2
211,1
212,0
213,4
214,3
215,2
216,2
217,1
218,0
219,4
220,3
221,2
222,1
223,0
224,1
225,0
226,4
227,3
228,2
229,1
230,0
231,4
232,4
233,3
234,2
235,1
236,0
237,4
238,3
239,2
240,2
241,1
242,0
243,4
244,3
245,2
246,1
247,0
248,0
249,4
250,3
251,2
252,1
253,0
254,4
255,3
256,4
257,3
258,2
259,1
260,0
261,4
262,3
263,2
264,2
265,1
266,0
267,4
268,3
269,2
270,1
271,0
272,0
273,4
274,3
275,2
276,1
277,0
278,4
279,3
280,3
281,2
282,1
283,0
284,4
285,3
286,2
287,1
288,2
289,1
290,0
291,4
292,3
293,2
294,1
295,0
296,0
297,4
298,3
299,2
300,1
301,0
302,4
303,3
304,3
305,2
306,1
307,0
308,4
309,3
310,2
311,1
312,1
313,0
314,4
315,3
316,2
317,1
318,0
319,4
320,0
321,4
322,3
323,2
324,1
325,0
326,4
327,3
328,3
329,2
330,1
331,0
332,4
333,3
334,2
335,1
336,1
337,0
338,4
339,3
340,2
341,1
342,0
343,4
344,4
345,3
346,2
347,1
348,0
349,4
350,3
351,2
352,3
353,2
354,1
355,0
356,4
357,3
358,2
359,1
360,1
361,0
362,4
363,3
364,2
365,1
366,0
367,4
368,4
369,3
370,2
371,1
372,0
373,4
374,3
375,2
376,2
377,1
378,0
379,4
380,3
381,2
382,1
383,0
384,1
385,0
386,4
387,3
388,2
389,1
390,0
391,4
392,4
393,3
394,2
395,1
396,0
397,4
398,3
399,2
400,2
401,1
402,0
403,4
404,3
405,2
406,1
407,0
408,0
409,4
410,3
411,2
412,1
413,0
414,4
415,3
416,4
417,3
418,2
419,1
420,0
421,4
422,3
423,2
424,2
425,1
426,0
427,4
428,3
429,2
430,1
431,0
432,0
433,4
434,3
435,2
436,1
437,0
438,4
439,3
440,3
441,2
442,1
443,0
444,4
445,3
446,2
447,1
448,2
449,1
450,0
451,4
452,3
453,2
454,1
455,0
456,0
457,4
458,3
459,2
460,1
461,0
462,4
463,3
464,3
465,2
466,1
467,0
468,4
469,3
470,2
471,1
472,1
473,0
474,4
475,3
476,2
477,1
478,0
479,4
480,0
481,4
482,3
483,2
484,1
485,0
486,4
487,3
488,3
489,2
490,1
491,0
492,4
493,3
494,2
495,1
496,1
497,0
498,4
499,3
500,2
501,1
502,0
503,4
504,4
505,3
506,2
507,1
508,0
509,4
510,3
511,2
512,3
513,2
514,1
515,0
516,4
517,3
518,2
519,1
520,1
521,0
522,4
523,3
524,2
525,1
526,0
527,4
528,4
529,3
530,2
531,1
532,0
533,4
534,3
535,2
536,2
537,1
538,0
539,4
540,3
541,2
542,1
543,0
544,1
545,0
546,4
547,3
548,2
549,1
550,0
551,4
552,4
553,3
554,2
555,1
556,0
557,4
558,3
559,2
560,2
561,1
562,0
563,4
564,3
565,2
566,1
567,0
568,0
569,4
570,3
571,2
572,1
573,0
574,4
575,3
576,4
577,3
578,2
579,1
580,0
581,4
582,3
583,2
584,2
585,1
586,0
587,4
588,3
589,2
590,1
591,0
592,0
593,4
594,3
595,2
596,1
597,0
598,4
599,3
600,3
601,2
602,1
603,0
604,4
605,3
606,2
607,1
608,2
609,1
610,0
611,4
612,3
613,2
614,1
615,0
616,0
617,4
618,3
619,2
620,1
621,0
622,4
623,3
624,3
625,2
626,1
627,0
628,4
629,3
630,2
631,1
632,1
633,0
634,4
635,3
636,2
637,1
638,0
639,4
640,0
641,4
642,3
643,2
644,1
645,0
646,4
647,3
648,3
649,2
650,1
651,0
652,4
653,3
654,2
655,1
656,1
657,0
658,4
659,3
660,2
661,1
662,0
663,4
664,4
665,3
666,2
667,1
668,0
669,4
670,3
671,2
672,3
673,2
674,1
675,0
676,4
677,3
678,2
679,1
680,1
681,0
682,4
683,3
684,2
685,1
686,0
687,4
688,4
689,3
690,2
691,1
692,0
693,4
694,3
695,2
696,2
697,1
698,0
699,4
700,3
701,2
702,1
703,0
704,1
705,0
706,4
707,3
708,2
709,1
710,0
711,4
712,4
713,3
714,2
715,1
716,0
717,4
718,3
719,2
720,2
721,1
722,0
723,4
724,3
725,2
726,1
727,0
728,0
729,4
730,3
731,2
732,1
733,0
734,4
735,3
736,4
737,3
738,2
739,1
740,0
741,4
742,3
743,2
744,2
745,1
746,0
747,4
748,3
749,2
750,1
751,0
752,0
753,4
754,3
755,2
756,1
757,0
758,4
759,3
760,3
761,2
762,1
763,0
764,4
765,3
766,2
767,1
768,2
769,1
770,0
771,4
772,3
773,2
774,1
775,0
776,0
777,4
778,3
779,2
780,1
781,0
782,4
783,3
784,3
785,2
786,1
787,0
788,4
789,3
790,2
791,1
792,1
793,0
794,4
795,3
796,2
797,1
798,0
799,4
800,0
801,4
802,3
803,2
804,1
805,0
806,4
807,3
808,3
809,2
810,1
811,0
812,4
813,3
814,2
815,1
816,1
817,0
818,4
819,3
820,2
821,1
822,0
823,4
824,4
825,3
826,2
827,1
828,0
829,4
830,3
831,2
832,3
833,2
834,1
835,0
836,4
837,3
838,2
839,1
840,1
841,0
842,4
843,3
844,2
845,1
846,0
847,4
848,4
849,3
850,2
851,1
852,0
853,4
854,3
855,2
856,2
857,1
858,0
859,4
860,3
861,2
862,1
863,0
864,1
865,0
866,4
867,3
868,2
869,1
870,0
871,4
872,4
873,3
874,2
875,1
876,0
877,4
878,3
879,2
880,2
881,1
882,0
883,4
884,3
885,2
886,1
887,0
888,0
889,4
890,3
891,2
892,1
893,0
894,4
895,3
896,4
897,3
898,2
899,1
900,0
901,4
902,3
903,2
904,2
905,1
906,0
907,4
908,3
909,2
910,1
911,0
912,0
913,4
914,3
915,2
916,1
917,0
918,4
919,3
920,3
921,2
922,1
923,0
924,4
925,3
926,2
927,1
928,2
929,1
930,0
931,4
932,3
933,2
934,1
935,0
936,0
937,4
938,3
939,2
940,1
941,0
942,4
943,3
944,3
945,2
946,1
947,0
948,4
949,3
950,2
951,1
952,1
953,0
954,4
955,3
956,2
957,1
958,0
959,4
960,0
961,4
962,3
963,2
964,1
965,0
966,4
967,3
968,3
969,2
970,1
971,0
972,4
973,3
974,2
975,1
976,1
977,0
978,4
979,3
980,2
981,1
982,0
983,4
984,4
985,3
986,2
987,1
988,0
989,4
990,3
991,2
992,3
993,2
994,1
995,0
996,4
997,3
998,2
999,1
1000,1
1001,0
1002,4
1003,3
1004,2
1005,1
1006,0
1007,4
1008,4
1009,3
1010,2
1011,1
1012,0
1013,4
1014,3
1015,2
1016,2
1017,1
1018,0
1019,4
1020,3
1021,2
1022,1
1023,0
1024,1
1025,0
1026,4
1027,3
1028,2
1029,1
1030,0
1031,4
1032,4
1033,3
1034,2
1035,1
1036,0
1037,4
1038,3
1039,2
1040,2
1041,1
1042,0
1043,4
1044,3
1045,2
1046,1
1047,0
1048,0
1049,4
1050,3
1051,2
1052,1
1053,0
1054,4
1055,3
1056,4
1057,3
1058,2
1059,1
1060,0
1061,4
1062,3
1063,2
1064,2
1065,1
1066,0
1067,4
1068,3
1069,2
1070,1
1071,0
1072,0
1073,4
1074,3
1075,2
1076,1
1077,0
1078,4
1079,3
1080,3
1081,2
1082,1
1083,0
1084,4
1085,3
1086,2
1087,1
1088,2
1089,1
1090,0
1091,4
1092,3
1093,2
1094,1
1095,0
1096,0
1097,4
1098,3
1099,2
1100,1
1101,0
1102,4
1103,3
1104,3
1105,2
1106,1
1107,0
1108,4
1109,3
1110,2
1111,1
1112,1
1113,0
1114,4
1115,3
1116,2
1117,1
1118,0
1119,4
1120,0
1121,4
1122,3
1123,2
1124,1
1125,0
1126,4
1127,3
1128,3
1129,2
1130,1
1131,0
1132,4
1133,3
1134,2
1135,1
1136,1
1137,0
1138,4
1139,3
1140,2
1141,1
1142,0
1143,4
1144,4
1145,3
1146,2
1147,1
1148,0
1149,4
1150,3
1151,2
1152,3
1153,2
1154,1
1155,0
1156,4
1157,3
1158,2
1159,1
1160,1
1161,0
1162,4
1163,3
1164,2
1165,1
1166,0
1167,4
1168,4
1169,3
1170,2
1171,1
1172,0
1173,4
1174,3
1175,2
1176,2
1177,1
1178,0
1179,4
1180,3
1181,2
1182,1
1183,0
1184,1
1185,0
1186,4
1187,3
1188,2
1189,1
1190,0
1191,4
1192,4
1193,3
1194,2
1195,1
1196,0
1197,4
1198,3
1199,2
1200,2
1201,1
1202,0
1203,4
1204,3
1205,2
1206,1
1207,0
1208,0
1209,4
1210,3
1211,2
1212,1
1213,0
1214,4
1215,3
1216,4
1217,3
1218,2
1219,1
1220,0
1221,4
1222,3
1223,2
1224,2
1225,1
1226,0
1227,4
1228,3
1229,2
1230,1
1231,0
1232,0
1233,4
1234,3
1235,2
1236,1
1237,0
1238,4
1239,3
1240,3
1241,2
1242,1
1243,0
1244,4
1245,3
1246,2
1247,1
1248,2
1249,1
1250,0
1251,4
1252,3
1253,2
1254,1
1255,0
1256,0
1257,4
1258,3
1259,2
1260,1
1261,0
1262,4
1263,3
1264,3
1265,2
1266,1
1267,0
1268,4
1269,3
1270,2
1271,1
1272,1
1273,0
1274,4
1275,3
1276,2
1277,1
1278,0
1279,4
1280,0
1281,4
1282,3
1283,2
1284,1
1285,0
1286,4
1287,3
1288,3
1289,2
1290,1
1291,0
1292,4
1293,3
1294,2
1295,1
1296,1
1297,0
1298,4
1299,3
1300,2
1301,1
1302,0
1303,4
1304,4
1305,3
1306,2
1307,1
1308,0
1309,4
1310,3
1311,2
1312,3
1313,2
1314,1
1315,0
1316,4
1317,3
1318,2
1319,1
1320,1
1321,0
1322,4
1323,3
1324,2
1325,1
1326,0
1327,4
1328,4
1329,3
1330,2
1331,1
1332,0
1333,4
1334,3
1335,2
1336,2
1337,1
1338,0
1339,4
1340,3
1341,2
1342,1
1343,0
1344,1
1345,0
1346,4
1347,3
1348,2
1349,1
1350,0
1351,4
1352,4
1353,3
1354,2
1355,1
1356,0
1357,4
1358,3
1359,2
1360,2
1361,1
1362,0
1363,4
1364,3
1365,2
1366,1
1367,0
1368,0
1369,4
1370,3
1371,2
1372,1
1373,0
1374,4
1375,3
1376,4
1377,3
1378,2
1379,1
1380,0
1381,4
1382,3
1383,2
1384,2
1385,1
1386,0
1387,4
1388,3
1389,2
1390,1
1391,0
1392,0
1393,4
1394,3
1395,2
1396,1
1397,0
1398,4
1399,3
1400,3
1401,2
1402,1
1403,0
1404,4
1405,3
1406,2
1407,1
1408,2
1409,1
1410,0
1411,4
1412,3
1413,2
1414,1
1415,0
1416,0
1417,4
1418,3
1419,2
1420,1
1421,0
1422,4
1423,3
1424,3
1425,2
1426,1
1427,0
1428,4
1429,3
1430,2
1431,1
1432,1
1433,0
1434,4
1435,3
1436,2
1437,1
1438,0
1439,4
1440,0
1441,4
1442,3
1443,2
1444,1
1445,0
1446,4
1447,3
1448,3
1449,2
1450,1
1451,0
1452,4
1453,3
1454,2
1455,1
1456,1
1457,0
1458,4
1459,3
1460,2
1461,1
1462,0
1463,4
1464,4
1465,3
1466,2
1467,1
1468,0
1469,4
1470,3
1471,2
1472,3
1473,2
1474,1
1475,0
1476,4
1477,3
1478,2
1479,1
1480,1
1481,0
1482,4
1483,3
1484,2
1485,1
1486,0
1487,4
1488,4
1489,3
1490,2
1491,1
1492,0
1493,4
1494,3
1495,2
1496,2
1497,1
1498,0
1499,4
1500,3
1501,2
1502,1
1503,0
1504,1
1505,0
1506,4
1507,3
1508,2
1509,1
1510,0
1511,4
1512,4
1513,3
1514,2
1515,1
1516,0
1517,4
1518,3
1519,2
1520,2
1521,1
1522,0
1523,4
1524,3
1525,2
1526,1
1527,0
1528,0
1529,4
1530,3
1531,2
1532,1
1533,0
1534,4
1535,3
1536,4
1537,3
1538,2
1539,1
1540,0
1541,4
1542,3
1543,2
1544,2
1545,1
1546,0
1547,4
1548,3
1549,2
1550,1
1551,0
1552,0
1553,4
1554,3
1555,2
1556,1
1557,0
1558,4
1559,3
1560,3
1561,2
1562,1
1563,0
1564,4
1565,3
1566,2
1567,1
1568,2
1569,1
1570,0
1571,4
1572,3
1573,2
1574,1
1575,0
1576,0
1577,4
1578,3
1579,2
1580,1
1581,0
1582,4
1583,3
1584,3
1585,2
1586,1
1587,0
1588,4
1589,3
1590,2
1591,1
1592,1
1593,0
1594,4
1595,3
1596,2
1597,1
1598,0
1599,4
1600,0
1601,4
1602,3
1603,2
1604,1
1605,0
1606,4
1607,3
1608,3
1609,2
1610,1
1611,0
1612,4
1613,3
1614,2
1615,1
1616,1
1617,0
1618,4
1619,3
1620,2
1621,1
1622,0
1623,4
1624,4
1625,3
1626,2
1627,1
1628,0
1629,4
1630,3
1631,2
1632,3
1633,2
1634,1
1635,0
1636,4
1637,3
1638,2
1639,1
1640,1
1641,0
1642,4
1643,3
1644,2
1645,1
1646,0
1647,4
1648,4
1649,3
1650,2
1651,1
1652,0
1653,4
1654,3
1655,2
1656,2
1657,1
1658,0
1659,4
1660,3
1661,2
1662,1
1663,0
1664,1
1665,0
1666,4
1667,3
1668,2
1669,1
1670,0
1671,4
1672,4
1673,3
1674,2
1675,1
1676,0
1677,4
1678,3
1679,2
1680,2
1681,1
1682,0
1683,4
1684,3
1685,2
1686,1
1687,0
1688,0
1689,4
1690,3
1691,2
1692,1
1693,0
1694,4
1695,3
1696,4
1697,3
1698,2
1699,1
1700,0
1701,4
1702,3
1703,2
1704,2
1705,1
1706,0
1707,4
1708,3
1709,2
1710,1
1711,0
1712,0
1713,4
1714,3
1715,2
1716,1
1717,0
1718,4
1719,3
1720,3
1721,2
1722,1
1723,0
1724,4
1725,3
1726,2
1727,1
1728,2
1729,1
1730,0
1731,4
1732,3
1733,2
1734,1
1735,0
1736,0
1737,4
1738,3
1739,2
1740,1
1741,0
1742,4
1743,3
1744,3
1745,2
1746,1
1747,0
1748,4
1749,3
1750,2
1751,1
1752,1
1753,0
1754,4
1755,3
1756,2
1757,1
1758,0
1759,4
1760,0
1761,4
1762,3
1763,2
1764,1
1765,0
1766,4
1767,3
1768,3
1769,2
1770,1
1771,0
1772,4
1773,3
1774,2
1775,1
1776,1
1777,0
1778,4
1779,3
1780,2
1781,1
1782,0
1783,4
1784,4
1785,3
1786,2
1787,1
1788,0
1789,4
1790,3
1791,2
1792,3
1793,2
1794,1
1795,0
1796,4
1797,3
1798,2
1799,1
1800,1
1801,0
1802,4
1803,3
1804,2
1805,1
1806,0
1807,4
1808,4
1809,3
1810,2
1811,1
1812,0
1813,4
1814,3
1815,2
1816,2
1817,1
1818,0
1819,4
1820,3
1821,2
1822,1
1823,0
1824,1
1825,0
1826,4
1827,3
1828,2
1829,1
1830,0
1831,4
1832,4
1833,3
1834,2
1835,1
1836,0
1837,4
1838,3
1839,2
1840,2
1841,1
1842,0
1843,4
1844,3
1845,2
1846,1
1847,0
1848,0
1849,4
1850,3
1851,2
1852,1
1853,0
1854,4
1855,3
1856,4
1857,3
1858,2
1859,1
1860,0
1861,4
1862,3
1863,2
1864,2
1865,1
1866,0
1867,4
1868,3
1869,2
1870,1
1871,0
1872,0
1873,4
1874,3
1875,2
1876,1
1877,0
1878,4
1879,3
1880,3
1881,2
1882,1
1883,0
1884,4
1885,3
1886,2
1887,1
1888,2
1889,1
1890,0
1891,4
1892,3
1893,2
1894,1
1895,0
1896,0
1897,4
1898,3
1899,2
1900,1
1901,0
1902,4
1903,3
1904,3
1905,2
1906,1
1907,0
1908,4
1909,3
1910,2
1911,1
1912,1
1913,0
1914,4
1915,3
1916,2
1917,1
1918,0
1919,4
1920,0
1921,4
1922,3
1923,2
1924,1
1925,0
1926,4
1927,3
1928,3
1929,2
1930,1
1931,0
1932,4
1933,3
1934,2
1935,1
1936,1
1937,0
1938,4
1939,3
1940,2
1941,1
1942,0
1943,4
1944,4
1945,3
1946,2
1947,1
1948,0
1949,4
1950,3
1951,2
1952,3
1953,2
1954,1
1955,0
1956,4
1957,3
1958,2
1959,1
1960,1
1961,0
1962,4
1963,3
1964,2
1965,1
1966,0
1967,4
1968,4
1969,3
1970,2
1971,1
1972,0
1973,4
1974,3
1975,2
1976,2
1977,1
1978,0
1979,4
1980,3
1981,2
1982,1
1983,0
1984,1
1985,0
1986,4
1987,3
1988,2
1989,1
1990,0
1991,4
1992,4
1993,3
1994,2
1995,1
1996,0
1997,4
1998,3
1999,2
2000,2
2001,1
2002,0
2003,4
2004,3
2005,2
2006,1
2007,0
2008,0
2009,4
2010,3
2011,2
2012,1
2013,0
2014,4
2015,3
2016,4
2017,3
2018,2
2019,1
2020,0
2021,4
2022,3
2023,2
2024,2
2025,1
2026,0
2027,4
2028,3
2029,2
2030,1
2031,0
2032,0
2033,4
2034,3
2035,2
2036,1
2037,0
2038,4
2039,3
2040,3
2041,2
2042,1
2043,0
2044,4
2045,3
2046,2
2047,1
2048,2
2049,1
2050,0
2051,4
2052,3
2053,2
2054,1
2055,0
2056,0
2057,4
2058,3
2059,2
2060,1
2061,0
2062,4
2063,3
2064,3
2065,2
2066,1
2067,0
2068,4
2069,3
2070,2
2071,1
2072,1
2073,0
2074,4
2075,3
2076,2
2077,1
2078,0
2079,4
2080,0
2081,4
2082,3
2083,2
2084,1
2085,0
2086,4
2087,3
2088,3
2089,2
2090,1
2091,0
2092,4
2093,3
2094,2
2095,1
2096,1
2097,0
2098,4
2099,3
2100,2
2101,1
2102,0
2103,4
2104,4
2105,3
2106,2
2107,1
2108,0
2109,4
2110,3
2111,2
2112,3
2113,2
2114,1
2115,0
2116,4
2117,3
2118,2
2119,1
2120,1
2121,0
2122,4
2123,3
2124,2
2125,1
2126,0
2127,4
2128,4
2129,3
2130,2
2131,1
2132,0
2133,4
2134,3
2135,2
2136,2
2137,1
2138,0
2139,4
2140,3
2141,2
2142,1
2143,0
2144,1
2145,0
2146,4
2147,3
2148,2
2149,1
2150,0
2151,4
2152,4
2153,3
2154,2
2155,1
2156,0
2157,4
2158,3
2159,2
2160,2
2161,1
2162,0
2163,4
2164,3
2165,2
2166,1
2167,0
2168,0
2169,4
2170,3
2171,2
2172,1
2173,0
2174,4
2175,3
2176,4
2177,3
2178,2
2179,1
2180,0
2181,4
2182,3
2183,2
2184,2
2185,1
2186,0
2187,4
2188,3
2189,2
2190,1
2191,0
2192,0
2193,4
2194,3
2195,2
2196,1
2197,0
2198,4
2199,3
2200,3
2201,2
2202,1
2203,0
2204,4
2205,3
2206,2
2207,1
2208,2
2209,1
2210,0
2211,4
2212,3
2213,2
2214,1
2215,0
2216,0
2217,4
2218,3
2219,2
2220,1
2221,0
2222,4
2223,3
2224,3
2225,2
2226,1
2227,0
2228,4
2229,3
2230,2
2231,1
2232,1
2233,0
2234,4
2235,3
2236,2
2237,1
2238,0
2239,4
2240,0
2241,4
2242,3
2243,2
2244,1
2245,0
2246,4
2247,3
2248,3
2249,2
2250,1
2251,0
2252,4
2253,3
2254,2
2255,1
2256,1
2257,0
2258,4
2259,3
2260,2
2261,1
2262,0
2263,4
2264,4
2265,3
2266,2
2267,1
2268,0
2269,4
2270,3
2271,2
2272,3
2273,2
2274,1
2275,0
2276,4
2277,3
2278,2
2279,1
2280,1
2281,0
2282,4
2283,3
2284,2
2285,1
2286,0
2287,4
2288,4
2289,3
2290,2
2291,1
2292,0
2293,4
2294,3
2295,2
2296,2
2297,1
2298,0
2299,4
2300,3
2301,2
2302,1
2303,0
2304,1
2305,0
2306,4
2307,3
2308,2
2309,1
2310,0
2311,4
2312,4
2313,3
2314,2
2315,1
2316,0
2317,4
2318,3
2319,2
2320,2
2321,1
2322,0
2323,4
2324,3
2325,2
2326,1
2327,0
2328,0
2329,4
2330,3
2331,2
2332,1
2333,0
2334,4
2335,3
2336,4
2337,3
2338,2
2339,1
2340,0
2341,4
2342,3
2343,2
2344,2
2345,1
2346,0
2347,4
2348,3
2349,2
2350,1
2351,0
2352,0
2353,4
2354,3
2355,2
2356,1
2357,0
2358,4
2359,3
2360,3
2361,2
2362,1
2363,0
2364,4
2365,3
2366,2
2367,1
2368,2
2369,1
2370,0
2371,4
2372,3
2373,2
2374,1
2375,0
2376,0
2377,4
2378,3
2379,2
2380,1
2381,0
2382,4
2383,3
2384,3
2385,2
2386,1
2387,0
2388,4
2389,3
2390,2
2391,1
2392,1
2393,0
2394,4
2395,3
2396,2
2397,1
2398,0
2399,4
2400,0
2401,4
2402,3
2403,2
2404,1
2405,0
2406,4
2407,3
2408,3
2409,2
2410,1
2411,0
2412,4
2413,3
2414,2
2415,1
2416,1
2417,0
2418,4
2419,3
2420,2
2421,1
2422,0
2423,4
2424,4
2425,3
2426,2
2427,1
2428,0
2429,4
2430,3
2431,2
2432,3
2433,2
2434,1
2435,0
2436,4
2437,3
2438,2
2439,1
2440,1
2441,0
2442,4
2443,3
2444,2
2445,1
2446,0
2447,4
2448,4
2449,3
2450,2
2451,1
2452,0
2453,4
2454,3
2455,2
2456,2
2457,1
2458,0
2459,4
2460,3
2461,2
2462,1
2463,0
2464,1
2465,0
2466,4
2467,3
2468,2
2469,1
2470,0
2471,4
2472,4
2473,3
2474,2
2475,1
2476,0
2477,4
2478,3
2479,2
2480,2
2481,1
2482,0
2483,4
2484,3
2485,2
2486,1
2487,0
2488,0
2489,4
2490,3
2491,2
2492,1
2493,0
2494,4
2495,3
2496,4
2497,3
2498,2
2499,1
2500,0
2501,4
2502,3
2503,2
2504,2
2505,1
2506,0
2507,4
2508,3
2509,2
2510,1
2511,0
2512,0
2513,4
2514,3
2515,2
2516,1
2517,0
2518,4
2519,3
2520,3
2521,2
2522,1
2523,0
2524,4
2525,3
2526,2
2527,1
2528,2
2529,1
2530,0
2531,4
2532,3
2533,2
2534,1
2535,0
2536,0
2537,4
2538,3
2539,2
2540,1
2541,0
2542,4
2543,3
2544,3
2545,2
2546,1
2547,0
2548,4
2549,3
2550,2
2551,1
2552,1
2553,0
2554,4
2555,3
2556,2
2557,1
2558,0
2559,4
2560,0
2561,4
2562,3
2563,2
2564,1
2565,0
2566,4
2567,3
2568,3
2569,2
2570,1
2571,0
2572,4
2573,3
2574,2
2575,1
2576,1
2577,0
2578,4
2579,3
2580,2
2581,1
2582,0
2583,4
2584,4
2585,3
2586,2
2587,1
2588,0
2589,4
2590,3
2591,2
2592,3
2593,2
2594,1
2595,0
2596,4
2597,3
2598,2
2599,1
2600,1
2601,0
2602,4
2603,3
2604,2
2605,1
2606,0
2607,4
2608,4
2609,3
2610,2
2611,1
2612,0
2613,4
2614,3
2615,2
2616,2
2617,1
2618,0
2619,4
2620,3
2621,2
2622,1
2623,0
2624,1
2625,0
2626,4
2627,3
2628,2
2629,1
2630,0
2631,4
2632,4
2633,3
2634,2
2635,1
2636,0
2637,4
2638,3
2639,2
2640,2
2641,1
2642,0
2643,4
2644,3
2645,2
2646,1
2647,0
2648,0
2649,4
2650,3
2651,2
2652,1
2653,0
2654,4
2655,3
2656,4
2657,3
2658,2
2659,1
2660,0
2661,4
2662,3
2663,2
2664,2
2665,1
2666,0
2667,4
2668,3
2669,2
2670,1
2671,0
2672,0
2673,4
2674,3
2675,2
2676,1
2677,0
2678,4
2679,3
2680,3
2681,2
2682,1
2683,0
2684,4
2685,3
2686,2
2687,1
2688,2
2689,1
2690,0
2691,4
2692,3
2693,2
2694,1
2695,0
2696,0
2697,4
2698,3
2699,2
2700,1
2701,0
2702,4
2703,3
2704,3
2705,2
2706,1
2707,0
2708,4
2709,3
2710,2
2711,1
2712,1
2713,0
2714,4
2715,3
2716,2
2717,1
2718,0
2719,4
2720,0
2721,4
2722,3
2723,2
2724,1
2725,0
2726,4
2727,3
2728,3
2729,2
2730,1
2731,0
2732,4
2733,3
2734,2
2735,1
2736,1
2737,0
2738,4
2739,3
2740,2
2741,1
2742,0
2743,4
2744,4
2745,3
2746,2
2747,1
2748,0
2749,4
2750,3
2751,2
2752,3
2753,2
2754,1
2755,0
2756,4
2757,3
2758,2
2759,1
2760,1
2761,0
2762,4
2763,3
2764,2
2765,1
2766,0
2767,4
2768,4
2769,3
2770,2
2771,1
2772,0
2773,4
2774,3
2775,2
2776,2
2777,1
2778,0
2779,4
2780,3
2781,2
2782,1
2783,0
2784,1
2785,0
2786,4
2787,3
2788,2
2789,1
2790,0
2791,4
2792,4
2793,3
2794,2
2795,1
2796,0
2797,4
2798,3
2799,2
2800,2
2801,1
2802,0
2803,4
2804,3
2805,2
2806,1
2807,0
2808,0
2809,4
2810,3
2811,2
2812,1
2813,0
2814,4
2815,3
2816,4
2817,3
2818,2
2819,1
2820,0
2821,4
2822,3
2823,2
2824,2
2825,1
2826,0
2827,4
2828,3
2829,2
2830,1
2831,0
2832,0
2833,4
2834,3
2835,2
2836,1
2837,0
2838,4
2839,3
2840,3
2841,2
2842,1
2843,0
2844,4
2845,3
2846,2
2847,1
2848,2
2849,1
2850,0
2851,4
2852,3
2853,2
2854,1
2855,0
2856,0
2857,4
2858,3
2859,2
2860,1
2861,0
2862,4
2863,3
2864,3
2865,2
2866,1
2867,0
2868,4
2869,3
2870,2
2871,1
2872,1
2873,0
2874,4
2875,3
2876,2
2877,1
2878,0
2879,4
2880,0
2881,4
2882,3
2883,2
2884,1
2885,0
2886,4
2887,3
2888,3
2889,2
2890,1
2891,0
2892,4
2893,3
2894,2
2895,1
2896,1
2897,0
2898,4
2899,3
2900,2
2901,1
2902,0
2903,4
2904,4
2905,3
2906,2
2907,1
2908,0
2909,4
2910,3
2911,2
2912,3
2913,2
2914,1
2915,0
2916,4
2917,3
2918,2
2919,1
2920,1
2921,0
2922,4
2923,3
2924,2
2925,1
2926,0
2927,4
2928,4
2929,3
2930,2
2931,1
2932,0
2933,4
2934,3
2935,2
2936,2
2937,1
2938,0
2939,4
2940,3
2941,2
2942,1
2943,0
2944,1
2945,0
2946,4
2947,3
2948,2
2949,1
2950,0
2951,4
2952,4
2953,3
2954,2
2955,1
2956,0
2957,4
2958,3
2959,2
2960,2
2961,1
2962,0
2963,4
2964,3
2965,2
2966,1
2967,0
2968,0
2969,4
2970,3
2971,2
2972,1
2973,0
2974,4
2975,3
2976,4
2977,3
2978,2
2979,1
2980,0
2981,4
2982,3
2983,2
2984,2
2985,1
2986,0
2987,4
2988,3
2989,2
2990,1
2991,0
2992,0
2993,4
2994,3
2995,2
2996,1
2997,0
2998,4
2999,3
3000,3
3001,2
3002,1
3003,0
3004,4
3005,3
3006,2
3007,1
3008,2
3009,1
3010,0
3011,4
3012,3
3013,2
3014,1
3015,0
3016,0
3017,4
3018,3
3019,2
3020,1
3021,0
3022,4
3023,3
3024,3
3025,2
3026,1
3027,0
3028,4
3029,3
3030,2
3031,1
3032,1
3033,0
3034,4
3035,3
3036,2
3037,1
3038,0
3039,4
3040,0
3041,4
3042,3
3043,2
3044,1
3045,0
3046,4
3047,3
3048,3
3049,2
3050,1
3051,0
3052,4
3053,3
3054,2
3055,1
3056,1
3057,0
3058,4
3059,3
3060,2
3061,1
3062,0
3063,4
3064,4
3065,3
3066,2
3067,1
3068,0
3069,4
3070,3
3071,2
3072,3
3073,2
3074,1
3075,0
3076,4
3077,3
3078,2
3079,1
3080,1
3081,0
3082,4
3083,3
3084,2
3085,1
3086,0
3087,4
3088,4
3089,3
3090,2
3091,1
3092,0
3093,4
3094,3
3095,2
3096,2
3097,1
3098,0
3099,4
3100,3
3101,2
3102,1
3103,0
3104,1
3105,0
3106,4
3107,3
3108,2
3109,1
3110,0
3111,4
3112,4
3113,3
3114,2
3115,1
3116,0
3117,4
3118,3
3119,2
3120,2
3121,1
3122,0
3123,4
3124,3
3125,2
3126,1
3127,0
3128,0
3129,4
3130,3
3131,2
3132,1
3133,0
3134,4
3135,3
3136,4
3137,3
3138,2
3139,1
3140,0
3141,4
3142,3
3143,2
3144,2
3145,1
3146,0
3147,4
3148,3
3149,2
3150,1
3151,0
3152,0
3153,4
3154,3
3155,2
3156,1
3157,0
3158,4
3159,3
3160,3
3161,2
3162,1
3163,0
3164,4
3165,3
3166,2
3167,1
3168,2
3169,1
3170,0
3171,4
3172,3
3173,2
3174,1
3175,0
3176,0
3177,4
3178,3
3179,2
3180,1
3181,0
3182,4
3183,3
3184,3
3185,2
3186,1
3187,0
3188,4
3189,3
3190,2
3191,1
3192,1
3193,0
3194,4
3195,3
3196,2
3197,1
3198,0
3199,4
3200,0
3201,4
3202,3
3203,2
3204,1
3205,0
3206,4
3207,3
3208,3
3209,2
3210,1
3211,0
3212,4
3213,3
3214,2
3215,1
3216,1
3217,0
3218,4
3219,3
3220,2
3221,1
3222,0
3223,4
3224,4
3225,3
3226,2
3227,1
3228,0
3229,4
3230,3
3231,2
3232,3
3233,2
3234,1
3235,0
3236,4
3237,3
3238,2
3239,1
3240,1
3241,0
3242,4
3243,3
3244,2
3245,1
3246,0
3247,4
3248,4
3249,3
3250,2
3251,1
3252,0
3253,4
3254,3
3255,2
3256,2
3257,1
3258,0
3259,4
3260,3
3261,2
3262,1
3263,0
3264,1
3265,0
3266,4
3267,3
3268,2
3269,1
3270,0
3271,4
3272,4
3273,3
3274,2
3275,1
3276,0
3277,4
3278,3
3279,2
3280,2
3281,1
3282,0
3283,4
3284,3
3285,2
3286,1
3287,0
3288,0
3289,4
3290,3
3291,2
3292,1
3293,0
3294,4
3295,3
3296,4
3297,3
3298,2
3299,1
3300,0
3301,4
3302,3
3303,2
3304,2
3305,1
3306,0
3307,4
3308,3
3309,2
3310,1
3311,0
3312,0
3313,4
3314,3
3315,2
3316,1
3317,0
3318,4
3319,3
3320,3
3321,2
3322,1
3323,0
3324,4
3325,3
3326,2
3327,1
3328,2
3329,1
3330,0
3331,4
3332,3
3333,2
3334,1
3335,0
3336,0
3337,4
3338,3
3339,2
3340,1
3341,0
3342,4
3343,3
3344,3
3345,2
3346,1
3347,0
3348,4
3349,3
3350,2
3351,1
3352,1
3353,0
3354,4
3355,3
3356,2
3357,1
3358,0
3359,4
3360,0
3361,4
3362,3
3363,2
3364,1
3365,0
3366,4
3367,3
3368,3
3369,2
3370,1
3371,0
3372,4
3373,3
3374,2
3375,1
3376,1
3377,0
3378,4
3379,3
3380,2
3381,1
3382,0
3383,4
3384,4
3385,3
3386,2
3387,1
3388,0
3389,4
3390,3
3391,2
3392,3
3393,2
3394,1
3395,0
3396,4
3397,3
3398,2
3399,1
3400,1
3401,0
3402,4
3403,3
3404,2
3405,1
3406,0
3407,4
3408,4
3409,3
3410,2
3411,1
3412,0
3413,4
3414,3
3415,2
3416,2
3417,1
3418,0
3419,4
3420,3
3421,2
3422,1
3423,0
3424,1
3425,0
3426,4
3427,3
3428,2
3429,1
3430,0
3431,4
3432,4
3433,3
3434,2
3435,1
3436,0
3437,4
3438,3
3439,2
3440,2
3441,1
3442,0
3443,4
3444,3
3445,2
3446,1
3447,0
3448,0
3449,4
3450,3
3451,2
3452,1
3453,0
3454,4
3455,3
3456,4
3457,3
3458,2
3459,1
3460,0
3461,4
3462,3
3463,2
3464,2
3465,1
3466,0
3467,4
3468,3
3469,2
3470,1
3471,0
3472,0
3473,4
3474,3
3475,2
3476,1
3477,0
3478,4
3479,3
3480,3
3481,2
3482,1
3483,0
3484,4
3485,3
3486,2
3487,1
3488,2
3489,1
3490,0
3491,4
3492,3
3493,2
3494,1
3495,0
3496,0
3497,4
3498,3
3499,2
3500,1
3501,0
3502,4
3503,3
3504,3
3505,2
3506,1
3507,0
3508,4
3509,3
3510,2
3511,1
3512,1
3513,0
3514,4
3515,3
3516,2
3517,1
3518,0
3519,4
3520,0
3521,4
3522,3
3523,2
3524,1
3525,0
3526,4
3527,3
3528,3
3529,2
3530,1
3531,0
3532,4
3533,3
3534,2
3535,1
3536,1
3537,0
3538,4
3539,3
3540,2
3541,1
3542,0
3543,4
3544,4
3545,3
3546,2
3547,1
3548,0
3549,4
3550,3
3551,2
3552,3
3553,2
3554,1
3555,0
3556,4
3557,3
3558,2
3559,1
3560,1
3561,0
3562,4
3563,3
3564,2
3565,1
3566,0
3567,4
3568,4
3569,3
3570,2
3571,1
3572,0
3573,4
3574,3
3575,2
3576,2
3577,1
3578,0
3579,4
3580,3
3581,2
3582,1
3583,0
3584,1
3585,0
3586,4
3587,3
3588,2
3589,1
3590,0
3591,4
3592,4
3593,3
3594,2
3595,1
3596,0
3597,4
3598,3
3599,2
3600,2
3601,1
3602,0
3603,4
3604,3
3605,2
3606,1
3607,0
3608,0
3609,4
3610,3
3611,2
3612,1
3613,0
3614,4
3615,3
3616,4
3617,3
3618,2
3619,1
3620,0
3621,4
3622,3
3623,2
3624,2
3625,1
3626,0
3627,4
3628,3
3629,2
3630,1
3631,0
3632,0
3633,4
3634,3
3635,2
3636,1
3637,0
3638,4
3639,3
3640,3
3641,2
3642,1
3643,0
3644,4
3645,3
3646,2
3647,1
3648,2
3649,1
3650,0
3651,4
3652,3
3653,2
3654,1
3655,0
3656,0
3657,4
3658,3
3659,2
3660,1
3661,0
3662,4
3663,3
3664,3
3665,2
3666,1
3667,0
3668,4
3669,3
3670,2
3671,1
3672,1
3673,0
3674,4
3675,3
3676,2
3677,1
3678,0
3679,4
3680,0
3681,4
3682,3
3683,2
3684,1
3685,0
3686,4
3687,3
3688,3
3689,2
3690,1
3691,0
3692,4
3693,3
3694,2
3695,1
3696,1
3697,0
3698,4
3699,3
3700,2
3701,1
3702,0
3703,4
3704,4
3705,3
3706,2
3707,1
3708,0
3709,4
3710,3
3711,2
3712,3
3713,2
3714,1
3715,0
3716,4
3717,3
3718,2
3719,1
3720,1
3721,0
3722,4
3723,3
3724,2
3725,1
3726,0
3727,4
3728,4
3729,3
3730,2
3731,1
3732,0
3733,4
3734,3
3735,2
3736,2
3737,1
3738,0
3739,4
3740,3
3741,2
3742,1
3743,0
3744,1
3745,0
3746,4
3747,3
3748,2
3749,1
3750,0
3751,4
3752,4
3753,3
3754,2
3755,1
3756,0
3757,4
3758,3
3759,2
3760,2
3761,1
3762,0
3763,4
3764,3
3765,2
3766,1
3767,0
3768,0
3769,4
3770,3
3771,2
3772,1
3773,0
3774,4
3775,3
3776,4
3777,3
3778,2
3779,1
3780,0
3781,4
3782,3
3783,2
3784,2
3785,1
3786,0
3787,4
3788,3
3789,2
3790,1
3791,0
3792,0
3793,4
3794,3
3795,2
3796,1
3797,0
3798,4
3799,3
3800,3
3801,2
3802,1
3803,0
3804,4
3805,3
3806,2
3807,1
3808,2
3809,1
3810,0
3811,4
3812,3
3813,2
3814,1
3815,0
3816,0
3817,4
3818,3
3819,2
3820,1
3821,0
3822,4
3823,3
3824,3
3825,2
3826,1
3827,0
3828,4
3829,3
3830,2
3831,1
3832,1
3833,0
3834,4
3835,3
3836,2
3837,1
3838,0
3839,4
3840,0
3841,4
3842,3
3843,2
3844,1
3845,0
3846,4
3847,3
3848,3
3849,2
3850,1
3851,0
3852,4
3853,3
3854,2
3855,1
3856,1
3857,0
3858,4
3859,3
3860,2
3861,1
3862,0
3863,4
3864,4
3865,3
3866,2
3867,1
3868,0
3869,4
3870,3
3871,2
3872,3
3873,2
3874,1
3875,0
3876,4
3877,3
3878,2
3879,1
3880,1
3881,0
3882,4
3883,3
3884,2
3885,1
3886,0
3887,4
3888,4
3889,3
3890,2
3891,1
3892,0
3893,4
3894,3
3895,2
3896,2
3897,1
3898,0
3899,4
3900,3
3901,2
3902,1
3903,0
3904,1
3905,0
3906,4
3907,3
3908,2
3909,1
3910,0
3911,4
3912,4
3913,3
3914,2
3915,1
3916,0
3917,4
3918,3
3919,2
3920,2
3921,1
3922,0
3923,4
3924,3
3925,2
3926,1
3927,0
3928,0
3929,4
3930,3
3931,2
3932,1
3933,0
3934,4
3935,3
3936,4
3937,3
3938,2
3939,1
3940,0
3941,4
3942,3
3943,2
3944,2
3945,1
3946,0
3947,4
3948,3
3949,2
3950,1
3951,0
3952,0
3953,4
3954,3
3955,2
3956,1
3957,0
3958,4
3959,3
3960,3
3961,2
3962,1
3963,0
3964,4
3965,3
3966,2
3967,1
3968,2
3969,1
3970,0
3971,4
3972,3
3973,2
3974,1
3975,0
3976,0
3977,4
3978,3
3979,2
3980,1
3981,0
3982,4
3983,3
3984,3
3985,2
3986,1
3987,0
3988,4
3989,3
3990,2
3991,1
3992,1
3993,0
3994,4
3995,3
3996,2
3997,1
3998,0
3999,4
4000,0
4001,4
4002,3
4003,2
4004,1
4005,0
4006,4
4007,3
4008,3
4009,2
4010,1
4011,0
4012,4
4013,3
4014,2
4015,1
4016,1
4017,0
4018,4
4019,3
4020,2
4021,1
4022,0
4023,4
4024,4
4025,3
4026,2
4027,1
4028,0
4029,4
4030,3
4031,2
4032,3
4033,2
4034,1
4035,0
4036,4
4037,3
4038,2
4039,1
4040,1
4041,0
4042,4
4043,3
4044,2
4045,1
4046,0
4047,4
4048,4
4049,3
4050,2
4051,1
4052,0
4053,4
4054,3
4055,2
4056,2
4057,1
4058,0
4059,4
4060,3
4061,2
4062,1
4063,0
4064,1
4065,0
4066,4
4067,3
4068,2
4069,1
4070,0
4071,4
4072,4
4073,3
4074,2
4075,1
4076,0
4077,4
4078,3
4079,2
4080,2
4081,1
4082,0
4083,4
4084,3
4085,2
4086,1
4087,0
4088,0
4089,4
4090,3
4091,2
4092,1
4093,0
4094,4
4095,3
4096,4
4097,3
4098,2
4099,1
4100,0
4101,4
4102,3
4103,2
4104,2
4105,1
4106,0
4107,4
4108,3
4109,2
4110,1
4111,0
4112,0
4113,4
4114,3
4115,2
4116,1
4117,0
4118,4
4119,3
4120,3
4121,2
4122,1
4123,0
4124,4
4125,3
4126,2
4127,1
4128,2
4129,1
4130,0
4131,4
4132,3
4133,2
4134,1
4135,0
4136,0
4137,4
4138,3
4139,2
4140,1
4141,0
4142,4
4143,3
4144,3
4145,2
4146,1
4147,0
4148,4
4149,3
4150,2
4151,1
4152,1
4153,0
4154,4
4155,3
4156,2
4157,1
4158,0
4159,4
4160,0
4161,4
4162,3
4163,2
4164,1
4165,0
4166,4
4167,3
4168,3
4169,2
4170,1
4171,0
4172,4
4173,3
4174,2
4175,1
4176,1
4177,0
4178,4
4179,3
4180,2
4181,1
4182,0
4183,4
4184,4
4185,3
4186,2
4187,1
4188,0
4189,4
4190,3
4191,2
4192,3
4193,2
4194,1
4195,0
4196,4
4197,3
4198,2
4199,1
4200,1
4201,0
4202,4
4203,3
4204,2
4205,1
4206,0
4207,4
4208,4
4209,3
4210,2
4211,1
4212,0
4213,4
4214,3
4215,2
4216,2
4217,1
4218,0
4219,4
4220,3
4221,2
4222,1
4223,0
4224,1
4225,0
4226,4
4227,3
4228,2
4229,1
4230,0
4231,4
4232,4
4233,3
4234,2
4235,1
4236,0
4237,4
4238,3
4239,2
4240,2
4241,1
4242,0
4243,4
4244,3
4245,2
4246,1
4247,0
4248,0
4249,4
4250,3
4251,2
4252,1
4253,0
4254,4
4255,3
4256,4
4257,3
4258,2
4259,1
4260,0
4261,4
4262,3
4263,2
4264,2
4265,1
4266,0
4267,4
4268,3
4269,2
4270,1
4271,0
4272,0
4273,4
4274,3
4275,2
4276,1
4277,0
4278,4
4279,3
4280,3
4281,2
4282,1
4283,0
4284,4
4285,3
4286,2
4287,1
4288,2
4289,1
4290,0
4291,4
4292,3
4293,2
4294,1
4295,0
4296,0
4297,4
4298,3
4299,2
4300,1
4301,0
4302,4
4303,3
4304,3
4305,2
4306,1
4307,0
4308,4
4309,3
4310,2
4311,1
4312,1
4313,0
4314,4
4315,3
4316,2
4317,1
4318,0
4319,4
4320,0
4321,4
4322,3
4323,2
4324,1
4325,0
4326,4
4327,3
4328,3
4329,2
4330,1
4331,0
4332,4
4333,3
4334,2
4335,1
4336,1
4337,0
4338,4
4339,3
4340,2
4341,1
4342,0
4343,4
4344,4
4345,3
4346,2
4347,1
4348,0
4349,4
4350,3
4351,2
4352,3
4353,2
4354,1
4355,0
4356,4
4357,3
4358,2
4359,1
4360,1
4361,0
4362,4
4363,3
4364,2
4365,1
4366,0
4367,4
4368,4
4369,3
4370,2
4371,1
4372,0
4373,4
4374,3
4375,2
4376,2
4377,1
4378,0
4379,4
4380,3
4381,2
4382,1
4383,0
4384,1
4385,0
4386,4
4387,3
4388,2
4389,1
4390,0
4391,4
4392,4
4393,3
4394,2
4395,1
4396,0
4397,4
4398,3
4399,2
4400,2
4401,1
4402,0
4403,4
4404,3
4405,2
4406,1
4407,0
4408,0
4409,4
4410,3
4411,2
4412,1
4413,0
4414,4
4415,3
4416,4
4417,3
4418,2
4419,1
4420,0
4421,4
4422,3
4423,2
4424,2
4425,1
4426,0
4427,4
4428,3
4429,2
4430,1
4431,0
4432,0
4433,4
4434,3
4435,2
4436,1
4437,0
4438,4
4439,3
4440,3
4441,2
4442,1
4443,0
4444,4
4445,3
4446,2
4447,1
4448,2
4449,1
4450,0
4451,4
4452,3
4453,2
4454,1
4455,0
4456,0
4457,4
4458,3
4459,2
4460,1
4461,0
4462,4
4463,3
4464,3
4465,2
4466,1
4467,0
4468,4
4469,3
4470,2
4471,1
4472,1
4473,0
4474,4
4475,3
4476,2
4477,1
4478,0
4479,4
4480,0
4481,4
4482,3
4483,2
4484,1
4485,0
4486,4
4487,3
4488,3
4489,2
4490,1
4491,0
4492,4
4493,3
4494,2
4495,1
4496,1
4497,0
4498,4
4499,3
4500,2
4501,1
4502,0
4503,4
4504,4
4505,3
4506,2
4507,1
4508,0
4509,4
4510,3
4511,2
4512,3
4513,2
4514,1
4515,0
4516,4
4517,3
4518,2
4519,1
4520,1
4521,0
4522,4
4523,3
4524,2
4525,1
4526,0
4527,4
4528,4
4529,3
4530,2
4531,1
4532,0
4533,4
4534,3
4535,2
4536,2
4537,1
4538,0
4539,4
4540,3
4541,2
4542,1
4543,0
4544,1
4545,0
4546,4
4547,3
4548,2
4549,1
4550,0
4551,4
4552,4
4553,3
4554,2
4555,1
4556,0
4557,4
4558,3
4559,2
4560,2
4561,1
4562,0
4563,4
4564,3
4565,2
4566,1
4567,0
4568,0
4569,4
4570,3
4571,2
4572,1
4573,0
4574,4
4575,3
4576,4
4577,3
4578,2
4579,1
4580,0
4581,4
4582,3
4583,2
4584,2
4585,1
4586,0
4587,4
4588,3
4589,2
4590,1
4591,0
4592,0
4593,4
4594,3
4595,2
4596,1
4597,0
4598,4
4599,3
4600,3
4601,2
4602,1
4603,0
4604,4
4605,3
4606,2
4607,1
4608,2
4609,1
4610,0
4611,4
4612,3
4613,2
4614,1
4615,0
4616,0
4617,4
4618,3
4619,2
4620,1
4621,0
4622,4
4623,3
4624,3
4625,2
4626,1
4627,0
4628,4
4629,3
4630,2
4631,1
4632,1
4633,0
4634,4
4635,3
4636,2
4637,1
4638,0
4639,4
4640,0
4641,4
4642,3
4643,2
4644,1
4645,0
4646,4
4647,3
4648,3
4649,2
4650,1
4651,0
4652,4
4653,3
4654,2
4655,1
4656,1
4657,0
4658,4
4659,3
4660,2
4661,1
4662,0
4663,4
4664,4
4665,3
4666,2
4667,1
4668,0
4669,4
4670,3
4671,2
4672,3
4673,2
4674,1
4675,0
4676,4
4677,3
4678,2
4679,1
4680,1
4681,0
4682,4
4683,3
4684,2
4685,1
4686,0
4687,4
4688,4
4689,3
4690,2
4691,1
4692,0
4693,4
4694,3
4695,2
4696,2
4697,1
4698,0
4699,4
4700,3
4701,2
4702,1
4703,0
4704,1
4705,0
4706,4
4707,3
4708,2
4709,1
4710,0
4711,4
4712,4
4713,3
4714,2
4715,1
4716,0
4717,4
4718,3
4719,2
4720,2
4721,1
4722,0
4723,4
4724,3
4725,2
4726,1
4727,0
4728,0
4729,4
4730,3
4731,2
4732,1
4733,0
4734,4
4735,3
4736,4
4737,3
4738,2
4739,1
4740,0
4741,4
4742,3
4743,2
4744,2
4745,1
4746,0
4747,4
4748,3
4749,2
4750,1
4751,0
4752,0
4753,4
4754,3
4755,2
4756,1
4757,0
4758,4
4759,3
4760,3
4761,2
4762,1
4763,0
4764,4
4765,3
4766,2
4767,1
4768,2
4769,1
4770,0
4771,4
4772,3
4773,2
4774,1
4775,0
4776,0
4777,4
4778,3
4779,2
4780,1
4781,0
4782,4
4783,3
4784,3
4785,2
4786,1
4787,0
4788,4
4789,3
4790,2
4791,1
4792,1
4793,0
4794,4
4795,3
4796,2
4797,1
4798,0
4799,4
4800,0
4801,4
4802,3
4803,2
4804,1
4805,0
4806,4
4807,3
4808,3
4809,2
4810,1
4811,0
4812,4
4813,3
4814,2
4815,1
4816,1
4817,0
4818,4
4819,3
4820,2
4821,1
4822,0
4823,4
4824,4
4825,3
4826,2
4827,1
4828,0
4829,4
4830,3
4831,2
4832,3
4833,2
4834,1
4835,0
4836,4
4837,3
4838,2
4839,1
4840,1
4841,0
4842,4
4843,3
4844,2
4845,1
4846,0
4847,4
4848,4
4849,3
4850,2
4851,1
4852,0
4853,4
4854,3
4855,2
4856,2
4857,1
4858,0
4859,4
4860,3
4861,2
4862,1
4863,0
4864,1
4865,0
4866,4
4867,3
4868,2
4869,1
4870,0
4871,4
4872,4
4873,3
4874,2
4875,1
4876,0
4877,4
4878,3
4879,2
4880,2
4881,1
4882,0
4883,4
4884,3
4885,2
4886,1
4887,0
4888,0
4889,4
4890,3
4891,2
4892,1
4893,0
4894,4
4895,3
4896,4
4897,3
4898,2
4899,1
4900,0
4901,4
4902,3
4903,2
4904,2
4905,1
4906,0
4907,4
4908,3
4909,2
4910,1
4911,0
4912,0
4913,4
4914,3
4915,2
4916,1
4917,0
4918,4
4919,3
4920,3
4921,2
4922,1
4923,0
4924,4
4925,3
4926,2
4927,1
4928,2
4929,1
4930,0
4931,4
4932,3
4933,2
4934,1
4935,0
4936,0
4937,4
4938,3
4939,2
4940,1
4941,0
4942,4
4943,3
4944,3
4945,2
4946,1
4947,0
4948,4
4949,3
4950,2
4951,1
4952,1
4953,0
4954,4
4955,3
4956,2
4957,1
4958,0
4959,4
4960,0
4961,4
4962,3
4963,2
4964,1
4965,0
4966,4
4967,3
4968,3
4969,2
4970,1
4971,0
4972,4
4973,3
4974,2
4975,1
4976,1
4977,0
4978,4
4979,3
4980,2
4981,1
4982,0
4983,4
4984,4
4985,3
4986,2
4987,1
4988,0
4989,4
4990,3
4991,2
4992,3
4993,2
4994,1
4995,0
4996,4
4997,3
4998,2
4999,1
5000,1
5001,0
5002,4
5003,3
5004,2
5005,1
5006,0
5007,4
5008,4
5009,3
5010,2
5011,1
5012,0
5013,4
5014,3
5015,2
5016,2
5017,1
5018,0
5019,4
5020,3
5021,2
5022,1
5023,0
5024,1
5025,0
5026,4
5027,3
5028,2
5029,1
5030,0
5031,4
5032,4
5033,3
5034,2
5035,1
5036,0
5037,4
5038,3
5039,2
5040,2
5041,1
5042,0
5043,4
5044,3
5045,2
5046,1
5047,0
5048,0
5049,4
5050,3
5051,2
5052,1
5053,0
5054,4
5055,3
5056,4
5057,3
5058,2
5059,1
5060,0
5061,4
5062,3
5063,2
5064,2
5065,1
5066,0
5067,4
5068,3
5069,2
5070,1
5071,0
5072,0
5073,4
5074,3
5075,2
5076,1
5077,0
5078,4
5079,3
5080,3
5081,2
5082,1
5083,0
5084,4
5085,3
5086,2
5087,1
5088,2
5089,1
5090,0
5091,4
5092,3
5093,2
5094,1
5095,0
5096,0
5097,4
5098,3
5099,2
5100,1
5101,0
5102,4
5103,3
5104,3
5105,2
5106,1
5107,0
5108,4
5109,3
5110,2
5111,1
5112,1
5113,0
5114,4
5115,3
5116,2
5117,1
5118,0
5119,4
5120,0
5121,4
5122,3
5123,2
5124,1
5125,0
5126,4
5127,3
5128,3
5129,2
5130,1
5131,0
5132,4
5133,3
5134,2
5135,1
5136,1
5137,0
5138,4
5139,3
5140,2
5141,1
5142,0
5143,4
5144,4
5145,3
5146,2
5147,1
5148,0
5149,4
5150,3
5151,2
5152,3
5153,2
5154,1
5155,0
5156,4
5157,3
5158,2
5159,1
5160,1
5161,0
5162,4
5163,3
5164,2
5165,1
5166,0
5167,4
5168,4
5169,3
5170,2
5171,1
5172,0
5173,4
5174,3
5175,2
5176,2
5177,1
5178,0
5179,4
5180,3
5181,2
5182,1
5183,0
5184,1
5185,0
5186,4
5187,3
5188,2
5189,1
5190,0
5191,4
5192,4
5193,3
5194,2
5195,1
5196,0
5197,4
5198,3
5199,2
5200,2
5201,1
5202,0
5203,4
5204,3
5205,2
5206,1
5207,0
5208,0
5209,4
5210,3
5211,2
5212,1
5213,0
5214,4
5215,3
5216,4
5217,3
5218,2
5219,1
5220,0
5221,4
5222,3
5223,2
5224,2
5225,1
5226,0
5227,4
5228,3
5229,2
5230,1
5231,0
5232,0
5233,4
5234,3
5235,2
5236,1
5237,0
5238,4
5239,3
5240,3
5241,2
5242,1
5243,0
5244,4
5245,3
5246,2
5247,1
5248,2
5249,1
5250,0
5251,4
5252,3
5253,2
5254,1
5255,0
5256,0
5257,4
5258,3
5259,2
5260,1
5261,0
5262,4
5263,3
5264,3
5265,2
5266,1
5267,0
5268,4
5269,3
5270,2
5271,1
5272,1
5273,0
5274,4
5275,3
5276,2
5277,1
5278,0
5279,4
5280,0
5281,4
5282,3
5283,2
5284,1
5285,0
5286,4
5287,3
5288,3
5289,2
5290,1
5291,0
5292,4
5293,3
5294,2
5295,1
5296,1
5297,0
5298,4
5299,3
5300,2
5301,1
5302,0
5303,4
5304,4
5305,3
5306,2
5307,1
5308,0
5309,4
5310,3
5311,2
5312,3
5313,2
5314,1
5315,0
5316,4
5317,3
5318,2
5319,1
5320,1
5321,0
5322,4
5323,3
5324,2
5325,1
5326,0
5327,4
5328,4
5329,3
5330,2
5331,1
5332,0
5333,4
5334,3
5335,2
5336,2
5337,1
5338,0
5339,4
5340,3
5341,2
5342,1
5343,0
5344,1
5345,0
5346,4
5347,3
5348,2
5349,1
5350,0
5351,4
5352,4
5353,3
5354,2
5355,1
5356,0
5357,4
5358,3
5359,2
5360,2
5361,1
5362,0
5363,4
5364,3
5365,2
5366,1
5367,0
5368,0
5369,4
5370,3
5371,2
5372,1
5373,0
5374,4
5375,3
5376,4
5377,3
5378,2
5379,1
5380,0
5381,4
5382,3
5383,2
5384,2
5385,1
5386,0
5387,4
5388,3
5389,2
5390,1
5391,0
5392,0
5393,4
5394,3
5395,2
5396,1
5397,0
5398,4
5399,3
5400,3
5401,2
5402,1
5403,0
5404,4
5405,3
5406,2
5407,1
5408,2
5409,1
5410,0
5411,4
5412,3
5413,2
5414,1
5415,0
5416,0
5417,4
5418,3
5419,2
5420,1
5421,0
5422,4
5423,3
5424,3
5425,2
5426,1
5427,0
5428,4
5429,3
5430,2
5431,1
5432,1
5433,0
5434,4
5435,3
5436,2
5437,1
5438,0
5439,4
5440,0
5441,4
5442,3
5443,2
5444,1
5445,0
5446,4
5447,3
5448,3
5449,2
5450,1
5451,0
5452,4
5453,3
5454,2
5455,1
5456,1
5457,0
5458,4
5459,3
5460,2
5461,1
5462,0
5463,4
5464,4
5465,3
5466,2
5467,1
5468,0
5469,4
5470,3
5471,2
5472,3
5473,2
5474,1
5475,0
5476,4
5477,3
5478,2
5479,1
5480,1
5481,0
5482,4
5483,3
5484,2
5485,1
5486,0
5487,4
5488,4
5489,3
5490,2
5491,1
5492,0
5493,4
5494,3
5495,2
5496,2
5497,1
5498,0
5499,4
5500,3
5501,2
5502,1
5503,0
5504,1
5505,0
5506,4
5507,3
5508,2
5509,1
5510,0
5511,4
5512,4
5513,3
5514,2
5515,1
5516,0
5517,4
5518,3
5519,2
5520,2
5521,1
5522,0
5523,4
5524,3
5525,2
5526,1
5527,0
5528,0
5529,4
5530,3
5531,2
5532,1
5533,0
5534,4
5535,3
5536,4
5537,3
5538,2
5539,1
5540,0
5541,4
5542,3
5543,2
5544,2
5545,1
5546,0
5547,4
5548,3
5549,2
5550,1
5551,0
5552,0
5553,4
5554,3
5555,2
5556,1
5557,0
5558,4
5559,3
5560,3
5561,2
5562,1
5563,0
5564,4
5565,3
5566,2
5567,1
5568,2
5569,1
5570,0
5571,4
5572,3
5573,2
5574,1
5575,0
5576,0
5577,4
5578,3
5579,2
5580,1
5581,0
5582,4
5583,3
5584,3
5585,2
5586,1
5587,0
5588,4
5589,3
5590,2
5591,1
5592,1
5593,0
5594,4
5595,3
5596,2
5597,1
5598,0
5599,4
5600,0
5601,4
5602,3
5603,2
5604,1
5605,0
5606,4
5607,3
5608,3
5609,2
5610,1
5611,0
5612,4
5613,3
5614,2
5615,1
5616,1
5617,0
5618,4
5619,3
5620,2
5621,1
5622,0
5623,4
5624,4
5625,3
5626,2
5627,1
5628,0
5629,4
5630,3
5631,2
5632,3
5633,2
5634,1
5635,0
5636,4
5637,3
5638,2
5639,1
5640,1
5641,0
5642,4
5643,3
5644,2
5645,1
5646,0
5647,4
5648,4
5649,3
5650,2
5651,1
5652,0
5653,4
5654,3
5655,2
5656,2
5657,1
5658,0
5659,4
5660,3
5661,2
5662,1
5663,0
5664,1
5665,0
5666,4
5667,3
5668,2
5669,1
5670,0
5671,4
5672,4
5673,3
5674,2
5675,1
5676,0
5677,4
5678,3
5679,2
5680,2
5681,1
5682,0
5683,4
5684,3
5685,2
5686,1
5687,0
5688,0
5689,4
5690,3
5691,2
5692,1
5693,0
5694,4
5695,3
5696,4
5697,3
5698,2
5699,1
5700,0
5701,4
5702,3
5703,2
5704,2
5705,1
5706,0
5707,4
5708,3
5709,2
5710,1
5711,0
5712,0
5713,4
5714,3
5715,2
5716,1
5717,0
5718,4
5719,3
5720,3
5721,2
5722,1
5723,0
5724,4
5725,3
5726,2
5727,1
5728,2
5729,1
5730,0
5731,4
5732,3
5733,2
5734,1
5735,0
5736,0
5737,4
5738,3
5739,2
5740,1
5741,0
5742,4
5743,3
5744,3
5745,2
5746,1
5747,0
5748,4
5749,3
5750,2
5751,1
5752,1
5753,0
5754,4
5755,3
5756,2
5757,1
5758,0
5759,4
5760,0
5761,4
5762,3
5763,2
5764,1
5765,0
5766,4
5767,3
5768,3
5769,2
5770,1
5771,0
5772,4
5773,3
5774,2
5775,1
5776,1
5777,0
5778,4
5779,3
5780,2
5781,1
5782,0
5783,4
5784,4
5785,3
5786,2
5787,1
5788,0
5789,4
5790,3
5791,2
5792,3
5793,2
5794,1
5795,0
5796,4
5797,3
5798,2
5799,1
5800,1
5801,0
5802,4
5803,3
5804,2
5805,1
5806,0
5807,4
5808,4
5809,3
5810,2
5811,1
5812,0
5813,4
5814,3
5815,2
5816,2
5817,1
5818,0
5819,4
5820,3
5821,2
5822,1
5823,0
5824,1
5825,0
5826,4
5827,3
5828,2
5829,1
5830,0
5831,4
5832,4
5833,3
5834,2
5835,1
5836,0
5837,4
5838,3
5839,2
5840,2
5841,1
5842,0
5843,4
5844,3
5845,2
5846,1
5847,0
5848,0
5849,4
5850,3
5851,2
5852,1
5853,0
5854,4
5855,3
5856,4
5857,3
5858,2
5859,1
5860,0
5861,4
5862,3
5863,2
5864,2
5865,1
5866,0
5867,4
5868,3
5869,2
5870,1
5871,0
5872,0
5873,4
5874,3
5875,2
5876,1
5877,0
5878,4
5879,3
5880,3
5881,2
5882,1
5883,0
5884,4
5885,3
5886,2
5887,1
5888,2
5889,1
5890,0
5891,4
5892,3
5893,2
5894,1
5895,0
5896,0
5897,4
5898,3
5899,2
5900,1
5901,0
5902,4
5903,3
5904,3
5905,2
5906,1
5907,0
5908,4
5909,3
5910,2
5911,1
5912,1
5913,0
5914,4
5915,3
5916,2
5917,1
5918,0
5919,4
5920,0
5921,4
5922,3
5923,2
5924,1
5925,0
5926,4
5927,3
5928,3
5929,2
5930,1
5931,0
5932,4
5933,3
5934,2
5935,1
5936,1
5937,0
5938,4
5939,3
5940,2
5941,1
5942,0
5943,4
5944,4
5945,3
5946,2
5947,1
5948,0
5949,4
5950,3
5951,2
5952,3
5953,2
5954,1
5955,0
5956,4
5957,3
5958,2
5959,1
5960,1
5961,0
5962,4
5963,3
5964,2
5965,1
5966,0
5967,4
5968,4
5969,3
5970,2
5971,1
5972,0
5973,4
5974,3
5975,2
5976,2
5977,1
5978,0
5979,4
5980,3
5981,2
5982,1
5983,0
5984,1
5985,0
5986,4
5987,3
5988,2
5989,1
5990,0
5991,4
5992,4
5993,3
5994,2
5995,1
5996,0
5997,4
5998,3
5999,2
6000,2
6001,1
6002,0
6003,4
6004,3
6005,2
6006,1
6007,0
6008,0
6009,4
6010,3
6011,2
6012,1
6013,0
6014,4
6015,3
6016,4
6017,3
6018,2
6019,1
6020,0
6021,4
6022,3
6023,2
6024,2
6025,1
6026,0
6027,4
6028,3
6029,2
6030,1
6031,0
6032,0
6033,4
6034,3
6035,2
6036,1
6037,0
6038,4
6039,3
6040,3
6041,2
6042,1
6043,0
6044,4
6045,3
6046,2
6047,1
6048,2
6049,1
6050,0
6051,4
6052,3
6053,2
6054,1
6055,0
6056,0
6057,4
6058,3
6059,2
6060,1
6061,0
6062,4
6063,3
6064,3
6065,2
6066,1
6067,0
6068,4
6069,3
6070,2
6071,1
6072,1
6073,0
6074,4
6075,3
6076,2
6077,1
6078,0
6079,4
6080,0
6081,4
6082,3
6083,2
6084,1
6085,0
6086,4
6087,3
6088,3
6089,2
6090,1
6091,0
6092,4
6093,3
6094,2
6095,1
6096,1
6097,0
6098,4
6099,3
6100,2
6101,1
6102,0
6103,4
6104,4
6105,3
6106,2
6107,1
6108,0
6109,4
6110,3
6111,2
6112,3
6113,2
6114,1
6115,0
6116,4
6117,3
6118,2
6119,1
6120,1
6121,0
6122,4
6123,3
6124,2
6125,1
6126,0
6127,4
6128,4
6129,3
6130,2
6131,1
6132,0
6133,4
6134,3
6135,2
6136,2
6137,1
6138,0
6139,4
6140,3
6141,2
6142,1
6143,0
6144,1
6145,0
6146,4
6147,3
6148,2
6149,1
6150,0
6151,4
6152,4
6153,3
6154,2
6155,1
6156,0
6157,4
6158,3
6159,2
6160,2
6161,1
6162,0
6163,4
6164,3
6165,2
6166,1
6167,0
6168,0
6169,4
6170,3
6171,2
6172,1
6173,0
6174,4
6175,3
6176,4
6177,3
6178,2
6179,1
6180,0
6181,4
6182,3
6183,2
6184,2
6185,1
6186,0
6187,4
6188,3
6189,2
6190,1
6191,0
6192,0
6193,4
6194,3
6195,2
6196,1
6197,0
6198,4
6199,3
6200,3
6201,2
6202,1
6203,0
6204,4
6205,3
6206,2
6207,1
6208,2
6209,1
6210,0
6211,4
6212,3
6213,2
6214,1
6215,0
6216,0
6217,4
6218,3
6219,2
6220,1
6221,0
6222,4
6223,3
6224,3
6225,2
6226,1
6227,0
6228,4
6229,3
6230,2
6231,1
6232,1
6233,0
6234,4
6235,3
6236,2
6237,1
6238,0
6239,4
6240,0
6241,4
6242,3
6243,2
6244,1
6245,0
6246,4
6247,3
6248,3
6249,2
6250,1
6251,0
6252,4
6253,3
6254,2
6255,1
6256,1
6257,0
6258,4
6259,3
6260,2
6261,1
6262,0
6263,4
6264,4
6265,3
6266,2
6267,1
6268,0
6269,4
6270,3
6271,2
6272,3
6273,2
6274,1
6275,0
6276,4
6277,3
6278,2
6279,1
6280,1
6281,0
6282,4
6283,3
6284,2
6285,1
6286,0
6287,4
6288,4
6289,3
6290,2
6291,1
6292,0
6293,4
6294,3
6295,2
6296,2
6297,1
6298,0
6299,4
6300,3
6301,2
6302,1
6303,0
6304,1
6305,0
6306,4
6307,3
6308,2
6309,1
6310,0
6311,4
6312,4
6313,3
6314,2
6315,1
6316,0
6317,4
6318,3
6319,2
6320,2
6321,1
6322,0
6323,4
6324,3
6325,2
6326,1
6327,0
6328,0
6329,4
6330,3
6331,2
6332,1
6333,0
6334,4
6335,3
6336,4
6337,3
6338,2
6339,1
6340,0
6341,4
6342,3
6343,2
6344,2
6345,1
6346,0
6347,4
6348,3
6349,2
6350,1
6351,0
6352,0
6353,4
6354,3
6355,2
6356,1
6357,0
6358,4
6359,3
6360,3
6361,2
6362,1
6363,0
6364,4
6365,3
6366,2
6367,1
6368,2
6369,1
6370,0
6371,4
6372,3
6373,2
6374,1
6375,0
6376,0
6377,4
6378,3
6379,2
6380,1
6381,0
6382,4
6383,3
6384,3
6385,2
6386,1
6387,0
6388,4
6389,3
6390,2
6391,1
6392,1
6393,0
6394,4
6395,3
6396,2
6397,1
6398,0
6399,4
6400,0
6401,4
6402,3
6403,2
6404,1
6405,0
6406,4
6407,3
6408,3
6409,2
6410,1
6411,0
6412,4
6413,3
6414,2
6415,1
6416,1
6417,0
6418,4
6419,3
6420,2
6421,1
6422,0
6423,4
6424,4
6425,3
6426,2
6427,1
6428,0
6429,4
6430,3
6431,2
6432,3
6433,2
6434,1
6435,0
6436,4
6437,3
6438,2
6439,1
6440,1
6441,0
6442,4
6443,3
6444,2
6445,1
6446,0
6447,4
6448,4
6449,3
6450,2
6451,1
6452,0
6453,4
6454,3
6455,2
6456,2
6457,1
6458,0
6459,4
6460,3
6461,2
6462,1
6463,0
6464,1
6465,0
6466,4
6467,3
6468,2
6469,1
6470,0
6471,4
6472,4
6473,3
6474,2
6475,1
6476,0
6477,4
6478,3
6479,2
6480,2
6481,1
6482,0
6483,4
6484,3
6485,2
6486,1
6487,0
6488,0
6489,4
6490,3
6491,2
6492,1
6493,0
6494,4
6495,3
6496,4
6497,3
6498,2
6499,1
6500,0
6501,4
6502,3
6503,2
6504,2
6505,1
6506,0
6507,4
6508,3
6509,2
6510,1
6511,0
6512,0
6513,4
6514,3
6515,2
6516,1
6517,0
6518,4
6519,3
6520,3
6521,2
6522,1
6523,0
6524,4
6525,3
6526,2
6527,1
6528,2
6529,1
6530,0
6531,4
6532,3
6533,2
6534,1
6535,0
6536,0
6537,4
6538,3
6539,2
6540,1
6541,0
6542,4
6543,3
6544,3
6545,2
6546,1
6547,0
6548,4
6549,3
6550,2
6551,1
6552,1
6553,0
6554,4
6555,3
6556,2
6557,1
6558,0
6559,4
6560,0
6561,4
6562,3
6563,2
6564,1
6565,0
6566,4
6567,3
6568,3
6569,2
6570,1
6571,0
6572,4
6573,3
6574,2
6575,1
6576,1
6577,0
6578,4
6579,3
6580,2
6581,1
6582,0
6583,4
6584,4
6585,3
6586,2
6587,1
6588,0
6589,4
6590,3
6591,2
6592,3
6593,2
6594,1
6595,0
6596,4
6597,3
6598,2
6599,1
6600,1
6601,0
6602,4
6603,3
6604,2
6605,1
6606,0
6607,4
6608,4
6609,3
6610,2
6611,1
6612,0
6613,4
6614,3
6615,2
6616,2
6617,1
6618,0
6619,4
6620,3
6621,2
6622,1
6623,0
6624,1
6625,0
6626,4
6627,3
6628,2
6629,1
6630,0
6631,4
6632,4
6633,3
6634,2
6635,1
6636,0
6637,4
6638,3
6639,2
6640,2
6641,1
6642,0
6643,4
6644,3
6645,2
6646,1
6647,0
6648,0
6649,4
6650,3
6651,2
6652,1
6653,0
6654,4
6655,3
6656,4
6657,3
6658,2
6659,1
6660,0
6661,4
6662,3
6663,2
6664,2
6665,1
6666,0
6667,4
6668,3
6669,2
6670,1
6671,0
6672,0
6673,4
6674,3
6675,2
6676,1
6677,0
6678,4
6679,3
6680,3
6681,2
6682,1
6683,0
6684,4
6685,3
6686,2
6687,1
6688,2
6689,1
6690,0
6691,4
6692,3
6693,2
6694,1
6695,0
6696,0
6697,4
6698,3
6699,2
6700,1
6701,0
6702,4
6703,3
6704,3
6705,2
6706,1
6707,0
6708,4
6709,3
6710,2
6711,1
6712,1
6713,0
6714,4
6715,3
6716,2
6717,1
6718,0
6719,4
6720,0
6721,4
6722,3
6723,2
6724,1
6725,0
6726,4
6727,3
6728,3
6729,2
6730,1
6731,0
6732,4
6733,3
6734,2
6735,1
6736,1
6737,0
6738,4
6739,3
6740,2
6741,1
6742,0
6743,4
6744,4
6745,3
6746,2
6747,1
6748,0
6749,4
6750,3
6751,2
6752,3
6753,2
6754,1
6755,0
6756,4
6757,3
6758,2
6759,1
6760,1
6761,0
6762,4
6763,3
6764,2
6765,1
6766,0
6767,4
6768,4
6769,3
6770,2
6771,1
6772,0
6773,4
6774,3
6775,2
6776,2
6777,1
6778,0
6779,4
6780,3
6781,2
6782,1
6783,0
6784,1
6785,0
6786,4
6787,3
6788,2
6789,1
6790,0
6791,4
6792,4
6793,3
6794,2
6795,1
6796,0
6797,4
6798,3
6799,2
6800,2
6801,1
6802,0
6803,4
6804,3
6805,2
6806,1
6807,0
6808,0
6809,4
6810,3
6811,2
6812,1
6813,0
6814,4
6815,3
6816,4
6817,3
6818,2
6819,1
6820,0
6821,4
6822,3
6823,2
6824,2
6825,1
6826,0
6827,4
6828,3
6829,2
6830,1
6831,0
6832,0
6833,4
6834,3
6835,2
6836,1
6837,0
6838,4
6839,3
6840,3
6841,2
6842,1
6843,0
6844,4
6845,3
6846,2
6847,1
6848,2
6849,1
6850,0
6851,4
6852,3
6853,2
6854,1
6855,0
6856,0
6857,4
6858,3
6859,2
6860,1
6861,0
6862,4
6863,3
6864,3
6865,2
6866,1
6867,0
6868,4
6869,3
6870,2
6871,1
6872,1
6873,0
6874,4
6875,3
6876,2
6877,1
6878,0
6879,4
6880,0
6881,4
6882,3
6883,2
6884,1
6885,0
6886,4
6887,3
6888,3
6889,2
6890,1
6891,0
6892,4
6893,3
6894,2
6895,1
6896,1
6897,0
6898,4
6899,3
6900,2
6901,1
6902,0
6903,4
6904,4
6905,3
6906,2
6907,1
6908,0
6909,4
6910,3
6911,2
6912,3
6913,2
6914,1
6915,0
6916,4
6917,3
6918,2
6919,1
6920,1
6921,0
6922,4
6923,3
6924,2
6925,1
6926,0
6927,4
6928,4
6929,3
6930,2
6931,1
6932,0
6933,4
6934,3
6935,2
6936,2
6937,1
6938,0
6939,4
6940,3
6941,2
6942,1
6943,0
6944,1
6945,0
6946,4
6947,3
6948,2
6949,1
6950,0
6951,4
6952,4
6953,3
6954,2
6955,1
6956,0
6957,4
6958,3
6959,2
6960,2
6961,1
6962,0
6963,4
6964,3
6965,2
6966,1
6967,0
6968,0
6969,4
6970,3
6971,2
6972,1
6973,0
6974,4
6975,3
6976,4
6977,3
6978,2
6979,1
6980,0
6981,4
6982,3
6983,2
6984,2
6985,1
6986,0
6987,4
6988,3
6989,2
6990,1
6991,0
6992,0
6993,4
6994,3
6995,2
6996,1
6997,0
6998,4
6999,3
7000,3
7001,2
7002,1
7003,0
7004,4
7005,3
7006,2
7007,1
7008,2
7009,1
7010,0
7011,4
7012,3
7013,2
7014,1
7015,0
7016,0
7017,4
7018,3
7019,2
7020,1
7021,0
7022,4
7023,3
7024,3
7025,2
7026,1
7027,0
7028,4
7029,3
7030,2
7031,1
7032,1
7033,0
7034,4
7035,3
7036,2
7037,1
7038,0
7039,4
7040,0
7041,4
7042,3
7043,2
7044,1
7045,0
7046,4
7047,3
7048,3
7049,2
7050,1
7051,0
7052,4
7053,3
7054,2
7055,1
7056,1
7057,0
7058,4
7059,3
7060,2
7061,1
7062,0
7063,4
7064,4
7065,3
7066,2
7067,1
7068,0
7069,4
7070,3
7071,2
7072,3
7073,2
7074,1
7075,0
7076,4
7077,3
7078,2
7079,1
7080,1
7081,0
7082,4
7083,3
7084,2
7085,1
7086,0
7087,4
7088,4
7089,3
7090,2
7091,1
7092,0
7093,4
7094,3
7095,2
7096,2
7097,1
7098,0
7099,4
7100,3
7101,2
7102,1
7103,0
7104,1
7105,0
7106,4
7107,3
7108,2
7109,1
7110,0
7111,4
7112,4
7113,3
7114,2
7115,1
7116,0
7117,4
7118,3
7119,2
7120,2
7121,1
7122,0
7123,4
7124,3
7125,2
7126,1
7127,0
7128,0
7129,4
7130,3
7131,2
7132,1
7133,0
7134,4
7135,3
7136,4
7137,3
7138,2
7139,1
7140,0
7141,4
7142,3
7143,2
7144,2
7145,1
7146,0
7147,4
7148,3
7149,2
7150,1
7151,0
7152,0
7153,4
7154,3
7155,2
7156,1
7157,0
7158,4
7159,3
7160,3
7161,2
7162,1
7163,0
7164,4
7165,3
7166,2
7167,1
7168,0
7169,4
7170,3
7171,2
7172,1
7173,0
7174,4
7175,3
7176,3
7177,2
7178,1
7179,0
7180,4
7181,3
7182,2
7183,1
7184,1
7185,0
7186,4
7187,3
7188,2
7189,1
7190,0
7191,4
7192,4
7193,3
7194,2
7195,1
7196,0
7197,4
7198,3
7199,2
